{
  "totalRows": 22943,
  "processed": 22942,
  "successCount": 22942,
  "errorCount": 0,
  "skippedCount": 0,
  "throughput": 2656.3621627880048,
  "avgBatchTimeMs": 114.6,
  "memoryUsageMb": 23.783981323242188,
  "durationMs": 8637,
  "etaSeconds": 0,
  "status": "completed"
}